Parameter,Truth,Median,RelativeError,IQR,CaseIndex,Degradation,WindowCycles
Gab,0.05,0.0500000000000371,7.4273920347423e-13,7.23372750588425e-13,1,clean,0.25
Gbc,0.0333333333333333,0.0333333333333488,4.64836502622745e-13,1.19861759406703e-12,1,clean,0.25
Gca,0.0666666666666667,0.0666666666666685,2.81025203108243e-14,3.74644759659759e-13,1,clean,0.25
Gammaab,12.5,12.5000000000182,1.45831791087403e-12,6.67741417714751e-10,1,clean,0.25
Gammabc,8.33333333333333,8.33333333333143,2.28936869461904e-13,6.68885391519325e-10,1,clean,0.25
Gammaca,16.6666666666667,16.6666666666309,2.14846807011781e-12,4.61760407688416e-10,1,clean,0.25
Cab,8e-05,7.99999999999796e-05,2.55465136891897e-13,3.4870652372565e-16,1,clean,0.25
Cbc,0.00012,0.000120000000000003,2.45074866072244e-14,3.15882302953652e-16,1,clean,0.25
Cca,6e-05,6.00000000000006e-05,9.14795583034644e-15,2.83579854477162e-16,1,clean,0.25
Rab,20,19.9999999999851,7.42872430237185e-13,2.89347212856228e-10,1,clean,0.25
Rbc,30,29.9999999999861,4.64813372976399e-13,1.0787601922857e-09,1,clean,0.25
Rca,15,14.9999999999996,2.8066438062524e-14,8.42952374568995e-11,1,clean,0.25
Lab,0.08,0.0799999999998833,1.4583820262537e-12,4.27353985532619e-12,1,clean,0.25
Lbc,0.12,0.120000000000027,2.28983498828939e-13,9.63193413916485e-12,1,clean,0.25
Lca,0.06,0.0600000000001289,2.14851284911314e-12,1.66232999587734e-12,1,clean,0.25
Gab,0.05,0.0499999999999999,1.52655665885959e-15,4.18415302405606e-15,2,clean,0.5
Gbc,0.0333333333333333,0.0333333333333331,7.28583859910259e-15,5.55111512312578e-15,2,clean,0.5
Gca,0.0666666666666667,0.0666666666666674,1.10328413072125e-14,1.06303854607859e-14,2,clean,0.5
Gammaab,12.5,12.4999999999998,1.30739863379858e-14,2.57749377396976e-12,2,clean,0.5
Gammabc,8.33333333333333,8.33333333333348,1.79056769411545e-14,2.69828603904898e-12,2,clean,0.5
Gammaca,16.6666666666667,16.6666666666667,8.5265128291212e-16,3.90798504668055e-13,2,clean,0.5
Cab,8e-05,8.00000000000001e-05,6.7762635780344e-16,1.8702487475375e-18,2,clean,0.5
Cbc,0.00012,0.00012,3.3881317890172e-16,1.59919820441612e-18,2,clean,0.5
Cca,6e-05,6e-05,3.3881317890172e-16,6.84402621381475e-19,2,clean,0.5
Rab,20,20,1.4210854715202e-15,1.67332814271504e-12,2,clean,0.5
Rbc,30,30.0000000000002,7.3422749361877e-15,4.9986681460723e-12,2,clean,0.5
Rca,15,14.9999999999998,1.10134124042816e-14,2.39097630583274e-12,2,clean,0.5
Lab,0.08,0.080000000000001,1.30104260698261e-14,1.64868119156836e-14,2,clean,0.5
Lbc,0.12,0.119999999999998,1.7925475918427e-14,3.88578058618805e-14,2,clean,0.5
Lca,0.06,0.06,8.0953762212251e-16,1.40859546249317e-15,2,clean,0.5
Gab,0.05,0.0499999999999999,2.4980018054066e-15,3.98292510084275e-15,3,clean,1
Gbc,0.0333333333333333,0.0333333333333331,6.45317133063372e-15,5.53723733531797e-15,3,clean,1
Gca,0.0666666666666667,0.0666666666666675,1.31145094783847e-14,1.05332409461312e-14,3,clean,1
Gammaab,12.5,12.4999999999998,1.53477230924182e-14,2.55973020557576e-12,3,clean,1
Gammabc,8.33333333333333,8.33333333333354,2.45137243837235e-14,2.64677169070637e-12,3,clean,1
Gammaca,16.6666666666667,16.6666666666666,1.70530256582424e-15,3.5527136788005e-13,3,clean,1
Cab,8e-05,8e-05,5.0821976835258e-16,1.80248611175715e-18,3,clean,1
Cbc,0.00012,0.00012,2.25875452601147e-16,1.51788304147971e-18,3,clean,1
Cca,6e-05,6e-05,1.12937726300573e-16,7.04731412115578e-19,3,clean,1
Rab,20,20,2.48689957516035e-15,1.59161572810262e-12,3,clean,1
Rbc,30,30.0000000000002,6.51330841113425e-15,4.9880100050359e-12,3,clean,1
Rca,15,14.9999999999998,1.31450406115619e-14,2.37143638059933e-12,3,clean,1
Lab,0.08,0.0800000000000012,1.52655665885959e-14,1.63619118254132e-14,3,clean,1
Lbc,0.12,0.119999999999997,2.45174251271389e-14,3.80945275324507e-14,3,clean,1
Lca,0.06,0.0600000000000001,1.61907524424502e-15,1.26981758441502e-15,3,clean,1
Gab,0.05,0.0499999999999999,1.11022302462516e-15,3.96904731303493e-15,4,clean,2
Gbc,0.0333333333333333,0.0333333333333331,6.45317133063372e-15,5.54417622922188e-15,4,clean,2
Gca,0.0666666666666667,0.0666666666666674,1.10328413072125e-14,1.05332409461312e-14,4,clean,2
Gammaab,12.5,12.4999999999998,1.4352963262354e-14,2.56328291925456e-12,4,clean,2
Gammabc,8.33333333333333,8.3333333333335,1.98241423277068e-14,2.64854804754577e-12,4,clean,2
Gammaca,16.6666666666667,16.6666666666666,2.1316282072803e-15,3.41060513164848e-13,4,clean,2
Cab,8e-05,8.00000000000001e-05,8.470329472543e-16,1.66696084019646e-18,4,clean,2
Cbc,0.00012,0.00012,6.7762635780344e-16,1.49077798716757e-18,4,clean,2
Cca,6e-05,6e-05,1.12937726300573e-16,6.91178884959509e-19,4,clean,2
Rab,20,20,1.06581410364015e-15,1.58806301442382e-12,4,clean,2
Rbc,30,30.0000000000002,6.51330841113425e-15,4.9915627187147e-12,4,clean,2
Rca,15,14.9999999999998,1.10134124042816e-14,2.36966002375993e-12,4,clean,2
Lab,0.08,0.0800000000000012,1.43982048506075e-14,1.64035451888367e-14,4,clean,2
Lbc,0.12,0.119999999999998,1.98914958578674e-14,3.81361608958741e-14,4,clean,2
Lca,0.06,0.0600000000000001,2.08166817117217e-15,1.22124532708767e-15,4,clean,2
Gab,0.05,0.00230460520441952,0.95390789591161,0,5,noise_60db,0.25
Gbc,0.0333333333333333,0.0802483184547009,1.40744955364103,0,5,noise_60db,0.25
Gca,0.0666666666666667,0.0589481996083982,0.115777005874027,0,5,noise_60db,0.25
Gammaab,12.5,8.31743265622332,0.334605387502135,0,5,noise_60db,0.25
Gammabc,8.33333333333333,0.325141527499663,0.960983016700041,0,5,noise_60db,0.25
Gammaca,16.6666666666667,0.0556530939861778,0.996660814360829,0,5,noise_60db,0.25
Cab,8e-05,9.17766840491085e-05,0.147208550613856,0,5,noise_60db,0.25
Cbc,0.00012,0.000110345120096323,0.0804573325306398,0,5,noise_60db,0.25
Cca,6e-05,6.79535678789317e-05,0.132559464648862,0,5,noise_60db,0.25
Rab,20,433.913799240889,20.6956899620445,0,5,noise_60db,0.25
Rbc,30,12.4613203024869,0.584622656583769,0,5,noise_60db,0.25
Rca,15,16.9640465127544,0.130936434183629,0,5,noise_60db,0.25
Lab,0.08,0.120229407478493,0.502867593481166,0,5,noise_60db,0.25
Lbc,0.12,3.07558375483439,24.6298646236199,0,5,noise_60db,0.25
Lca,0.06,17.9684529353995,298.474215589992,0,5,noise_60db,0.25
Gab,0.05,0.0499940939757435,0.000118120485130269,0.000294685641226797,6,noise_60db,0.5
Gbc,0.0333333333333333,0.0333347149857999,4.14495739970572e-05,0.000320553494939577,6,noise_60db,0.5
Gca,0.0666666666666667,0.0666586591126172,0.000120113310741327,0.000344292139992958,6,noise_60db,0.5
Gammaab,12.5,12.5014326280387,0.000114610243097957,0.0881229498141405,6,noise_60db,0.5
Gammabc,8.33333333333333,8.33145693023477,0.000225168371827422,0.0997312555569412,6,noise_60db,0.5
Gammaca,16.6666666666667,16.6667386045136,4.31627081724173e-06,0.0947655898495121,6,noise_60db,0.5
Cab,8e-05,7.99842098628361e-05,0.000197376714548761,1.92665990528609e-07,6,noise_60db,0.5
Cbc,0.00012,0.000119969939768062,0.000250501932817848,3.49063087295431e-07,6,noise_60db,0.5
Cca,6e-05,6.0035501016948e-05,0.00059168361580074,1.89125099727453e-07,6,noise_60db,0.5
Rab,20,20.0023626887847,0.000118134439237494,0.117927379690386,6,noise_60db,0.5
Rbc,30,29.9987565716409,4.14476119694029e-05,0.288261036617605,6,noise_60db,0.5
Rca,15,15.0018019165872,0.000120127772478185,0.0774611188142611,6,noise_60db,0.5
Lab,0.08,0.079990832231939,0.000114597100762427,0.000563524978548308,6,noise_60db,0.5
Lbc,0.12,0.120027026291301,0.00022521909417185,0.00143711056609197,6,noise_60db,0.5
Lca,0.06,0.0599997410249196,4.3162513401381e-06,0.000341144995024724,6,noise_60db,0.5
Gab,0.05,0.0499946517929789,0.000106964140421939,0.000161195801787695,7,noise_60db,1
Gbc,0.0333333333333333,0.0333450412361246,0.000351237083738992,0.0001718896989608,7,noise_60db,1
Gca,0.0666666666666667,0.0666456256244292,0.000315615633562152,0.000218131540692626,7,noise_60db,1
Gammaab,12.5,12.5050306291455,0.000402450331639983,0.0559151097729149,7,noise_60db,1
Gammabc,8.33333333333333,8.32777674679375,0.000666790384749802,0.0570013139046672,7,noise_60db,1
Gammaca,16.6666666666667,16.6696447342929,0.000178684057574472,0.0489807316695021,7,noise_60db,1
Cab,8e-05,7.99851547398433e-05,0.000185565751959406,1.29135747960329e-07,7,noise_60db,1
Cbc,0.00012,0.00011998791842511,0.000100679790748222,2.32836576486234e-07,7,noise_60db,1
Cca,6e-05,6.00385525032519e-05,0.000642541720864183,1.32180838791029e-07,7,noise_60db,1
Rab,20,20.0021395116595,0.000106975582973234,0.064490324926215,7,noise_60db,1
Rbc,30,29.989466587213,0.000351113759566009,0.154614895364293,7,noise_60db,1
Rca,15,15.0047357291736,0.000315715278239755,0.0490894509874806,7,noise_60db,1
Lab,0.08,0.0799678169255578,0.000402288430527767,0.000357611483869619,7,noise_60db,1
Lbc,0.12,0.120080068234899,0.000667235290826088,0.000821114169493306,7,noise_60db,1
Lca,0.06,0.0599892808718828,0.000178652135286034,0.000176339325455278,7,noise_60db,1
Gab,0.05,0.0500023647461036,4.72949220726993e-05,0.000119487745042099,8,noise_60db,2
Gbc,0.0333333333333333,0.0333582828521214,0.000748485563640683,0.000115988840276166,8,noise_60db,2
Gca,0.0666666666666667,0.0666562071939532,0.000156892090702257,0.000155257197047495,8,noise_60db,2
Gammaab,12.5,12.5039471761693,0.000315774093542274,0.0387282420184327,8,noise_60db,2
Gammabc,8.33333333333333,8.32895693392101,0.000525167929478485,0.0410988643756536,8,noise_60db,2
Gammaca,16.6666666666667,16.665438735372,7.36758776785962e-05,0.035387045378819,8,noise_60db,2
Cab,8e-05,7.99874549409159e-05,0.000156813238551448,9.90282567711094e-08,8,noise_60db,2
Cbc,0.00012,0.000119997016578672,2.48618444029758e-05,1.66028891000322e-07,8,noise_60db,2
Cca,6e-05,6.0030693066493e-05,0.000511551108217371,8.6265281141596e-08,8,noise_60db,2
Rab,20,19.9990541462926,4.7292685368916e-05,0.0478170832066311,8,noise_60db,2
Rbc,30,29.9775622274396,0.000747925752012553,0.104262023914639,8,noise_60db,2
Rca,15,15.0023537506454,0.000156916709692941,0.0349450679272376,8,noise_60db,2
Lab,0.08,0.0799747460470607,0.000315674411741074,0.000247625408262536,8,noise_60db,2
Lbc,0.12,0.12006305326509,0.000525443875750685,0.000592425778296671,8,noise_60db,2
Lca,0.06,0.0600044208783728,7.36813062135004e-05,0.000127419132568411,8,noise_60db,2
Gab,0.05,0.0492931630602563,0.0141367387948731,0,9,noise_40db,0.25
Gbc,0.0333333333333333,0.0525629620454778,0.576888861364333,0,9,noise_40db,0.25
Gca,0.0666666666666667,0.0430407930641875,0.354388104037188,0,9,noise_40db,0.25
Gammaab,12.5,0.0159831773722569,0.998721345810219,0,9,noise_40db,0.25
Gammabc,8.33333333333333,0.0162592504274452,0.998048889948707,0,9,noise_40db,0.25
Gammaca,16.6666666666667,0.871077083582939,0.947735374985024,0,9,noise_40db,0.25
Cab,8e-05,5.44067311905893e-05,0.319915860117634,0,9,noise_40db,0.25
Cbc,0.00012,4.68662095564378e-05,0.609448253696352,0,9,noise_40db,0.25
Cca,6e-05,6.72685538453105e-05,0.121142564088508,0,9,noise_40db,0.25
Rab,20,20.2867890376114,0.0143394518805703,0,9,noise_40db,0.25
Rbc,30,19.0248030378272,0.365839898739094,0,9,noise_40db,0.25
Rca,15,23.2337726330619,0.548918175537461,0,9,noise_40db,0.25
Lab,0.08,62.5657825543356,781.072281929195,0,9,noise_40db,0.25
Lbc,0.12,61.5034502643509,511.528752202925,0,9,noise_40db,0.25
Lca,0.06,1.14800402725184,18.1334004541973,0,9,noise_40db,0.25
Gab,0.05,0.0499832589328896,0.000334821342207192,0.0034039150242083,10,noise_40db,0.5
Gbc,0.0333333333333333,0.0337155858992648,0.011467576977943,0.00319674736698951,10,noise_40db,0.5
Gca,0.0666666666666667,0.066372137534306,0.00441793698540936,0.00323999093615757,10,noise_40db,0.5
Gammaab,12.5,12.5682209145036,0.00545767316029142,0.832921271770601,10,noise_40db,0.5
Gammabc,8.33333333333333,8.28641260118466,0.00563048785784069,0.977229035638975,10,noise_40db,0.5
Gammaca,16.6666666666667,16.5001931572654,0.00998841056407542,1.12786563178867,10,noise_40db,0.5
Cab,8e-05,7.99405402160398e-05,0.000743247299502249,1.76402918463238e-06,10,noise_40db,0.5
Cbc,0.00012,0.000120181293259587,0.00151077716322738,3.25112462894681e-06,10,noise_40db,0.5
Cca,6e-05,5.96337755403348e-05,0.00610374099442078,1.84891431025368e-06,10,noise_40db,0.5
Rab,20,20.0066987022846,0.000334935114230106,1.36900377257214,10,noise_40db,0.5
Rbc,30,29.6598800153374,0.0113373328220862,2.82194038318096,10,noise_40db,0.5
Rca,15,15.0665631731543,0.00443754487695382,0.735152084639264,10,noise_40db,0.5
Lab,0.08,0.0795657561282705,0.00542804839661851,0.0052566463925801,10,noise_40db,0.5
Lbc,0.12,0.120679484870833,0.00566237392360715,0.0140866824275086,10,noise_40db,0.5
Lca,0.06,0.0606053516951269,0.0100891949187817,0.00409918302559715,10,noise_40db,0.5
Gab,0.05,0.0499847211399168,0.000305577201663715,0.00192296114398421,11,noise_40db,1
Gbc,0.0333333333333333,0.0334537754915757,0.00361326474727107,0.00195398700158636,11,noise_40db,1
Gca,0.0666666666666667,0.0662905175945216,0.00564223608217569,0.00196864939419289,11,noise_40db,1
Gammaab,12.5,12.6133110877719,0.00906488702174982,0.466983555004072,11,noise_40db,1
Gammabc,8.33333333333333,8.29056489873228,0.0051322121521261,0.64983417704603,11,noise_40db,1
Gammaca,16.6666666666667,16.5831352140689,0.005011887155868,0.633179277671964,11,noise_40db,1
Cab,8e-05,8.00825491406004e-05,0.00103186425750483,1.198907677443e-06,11,noise_40db,1
Cbc,0.00012,0.000120536558846302,0.0044713237191825,2.41378933230875e-06,11,noise_40db,1
Cca,6e-05,5.97934993637447e-05,0.00344167727092204,1.32887274342738e-06,11,noise_40db,1
Rab,20,20.0061134121527,0.000305670607632536,0.766901101804748,11,noise_40db,1
Rbc,30,29.8919923179319,0.00360025606893603,1.73316211139906,11,noise_40db,1
Rca,15,15.0851137732351,0.00567425154900481,0.447025997546511,11,noise_40db,1
Lab,0.08,0.0792813237572062,0.00898345303492303,0.00294094554461141,11,noise_40db,1
Lbc,0.12,0.120619042515777,0.00515868763147735,0.00940837923761809,11,noise_40db,1
Lca,0.06,0.0603022279617919,0.0050371326965321,0.00229258979368702,11,noise_40db,1
Gab,0.05,0.0499536281039531,0.000927437920937441,0.00118834923531473,12,noise_40db,2
Gbc,0.0333333333333333,0.0334596894937488,0.00379068481246379,0.00150183990108912,12,noise_40db,2
Gca,0.0666666666666667,0.0663046108384923,0.00543083742261502,0.00151238928138776,12,noise_40db,2
Gammaab,12.5,12.627362669314,0.0101890135451185,0.406713084554184,12,noise_40db,2
Gammabc,8.33333333333333,8.3045792176461,0.003450493882468,0.42855663590414,12,noise_40db,2
Gammaca,16.6666666666667,16.5709612800785,0.00574232319528903,0.413202646162006,12,noise_40db,2
Cab,8e-05,8.01118815014083e-05,0.0013985187676039,7.309363757819e-07,12,noise_40db,2
Cbc,0.00012,0.000120443386919033,0.00369489099194412,1.49646705685441e-06,12,noise_40db,2
Cca,6e-05,5.98116450305707e-05,0.00313924949048918,8.24436379816326e-07,12,noise_40db,2
Rab,20,20.0185659772101,0.000928298860502608,0.476473407386138,12,noise_40db,2
Rbc,30,29.8867089064538,0.003776369784874,1.33707955417506,12,noise_40db,2
Rca,15,15.081907387042,0.00546049246946415,0.343583525951798,12,noise_40db,2
Lab,0.08,0.0791931004270687,0.0100862446616418,0.00256415072094984,12,noise_40db,2
Lbc,0.12,0.120415492921681,0.0034624410140052,0.00619314092014764,12,noise_40db,2
Lca,0.06,0.0603465292748099,0.00577548791349883,0.00150147145029107,12,noise_40db,2
Gab,0.05,0.046270710870836,0.0745857825832795,0.01978999746204,13,current_delay_50us,0.25
Gbc,0.0333333333333333,0.023025147493507,0.309245575194789,0.0179158014621182,13,current_delay_50us,0.25
Gca,0.0666666666666667,0.0790622917760263,0.185934376640394,0.010895997449298,13,current_delay_50us,0.25
Gammaab,12.5,9.81327906216868,0.214937675026506,2.62036662313184,13,current_delay_50us,0.25
Gammabc,8.33333333333333,12.3502381366793,0.482028576401514,4.65782754842676,13,current_delay_50us,0.25
Gammaca,16.6666666666667,18.4345410963892,0.10607246578335,6.91261548548602,13,current_delay_50us,0.25
Cab,8e-05,7.92502475767612e-05,0.0093719052904852,4.59853620195735e-06,13,current_delay_50us,0.25
Cbc,0.00012,0.000113933675020819,0.050552708159842,9.2223111483042e-06,13,current_delay_50us,0.25
Cca,6e-05,5.46921227425239e-05,0.0884646209579345,8.6173470224051e-07,13,current_delay_50us,0.25
Rab,20,21.6119437367514,0.0805971868375703,10.3161798966438,13,current_delay_50us,0.25
Rbc,30,43.4307749942533,0.447692499808444,28.9525496081603,13,current_delay_50us,0.25
Rca,15,12.6482546551127,0.156783022992489,1.81752361468668,13,current_delay_50us,0.25
Lab,0.08,0.101902737470813,0.273784218385162,0.0343228597031219,13,current_delay_50us,0.25
Lbc,0.12,0.0809700986274973,0.325249178104189,0.0389370893900159,13,current_delay_50us,0.25
Lca,0.06,0.0542459936903921,0.0959001051601324,0.0253968844792898,13,current_delay_50us,0.25
Gab,0.05,0.0451786408787796,0.0964271824244087,4.09394740330526e-15,14,current_delay_50us,0.5
Gbc,0.0333333333333333,0.0272324467016418,0.183026598950745,5.81479309147426e-15,14,current_delay_50us,0.5
Gca,0.0666666666666667,0.0787805051663542,0.181707577495313,1.07830411266718e-14,14,current_delay_50us,0.5
Gammaab,12.5,9.33545939323616,0.253163248541107,2.71604960744298e-12,14,current_delay_50us,0.5
Gammabc,8.33333333333333,11.4374153276294,0.37248983931553,2.70006239588838e-12,14,current_delay_50us,0.5
Gammaca,16.6666666666667,17.1786169417283,0.0307170165037007,4.79616346638068e-13,14,current_delay_50us,0.5
Cab,8e-05,7.83692622887524e-05,0.0203842213905956,1.76182853028894e-18,14,current_delay_50us,0.5
Cbc,0.00012,0.000116125326041685,0.0322889496526287,1.65340831304039e-18,14,current_delay_50us,0.5
Cca,6e-05,5.62713548556413e-05,0.0621440857393118,1.18584612615602e-18,14,current_delay_50us,0.5
Rab,20,22.1343533260139,0.106717666300693,2.00728322852228e-12,14,current_delay_50us,0.5
Rbc,30,36.7209017594336,0.224030058647786,7.84439180279151e-12,14,current_delay_50us,0.5
Rca,15,12.6934956546468,0.153766956356877,1.73905334577285e-12,14,current_delay_50us,0.5
Lab,0.08,0.107118456401249,0.338980705015615,3.11695114163513e-14,14,current_delay_50us,0.5
Lbc,0.12,0.0874323412549595,0.271397156208671,2.06362704702201e-14,14,current_delay_50us,0.5
Lca,0.06,0.0582119039845934,0.0298016002567767,1.62370117351429e-15,14,current_delay_50us,0.5
Gab,0.05,0.0451786408787795,0.0964271824244106,4.06619182768964e-15,15,current_delay_50us,1
Gbc,0.0333333333333333,0.0272324467016418,0.183026598950746,5.74540415243519e-15,15,current_delay_50us,1
Gca,0.0666666666666667,0.0787805051663543,0.181707577495314,1.06303854607859e-14,15,current_delay_50us,1
Gammaab,12.5,9.33545939323614,0.253163248541109,2.68585154117318e-12,15,current_delay_50us,1
Gammabc,8.33333333333333,11.4374153276294,0.372489839315532,2.60946819707897e-12,15,current_delay_50us,1
Gammaca,16.6666666666667,17.1786169417283,0.0307170165037007,4.76063632959267e-13,15,current_delay_50us,1
Cab,8e-05,7.83692622887523e-05,0.0203842213905958,1.68051336735253e-18,15,current_delay_50us,1
Cbc,0.00012,0.000116125326041685,0.0322889496526282,1.49077798716757e-18,15,current_delay_50us,1
Cca,6e-05,5.62713548556413e-05,0.0621440857393118,1.17906986257799e-18,15,current_delay_50us,1
Rab,20,22.1343533260139,0.106717666300695,1.99307237380708e-12,15,current_delay_50us,1
Rbc,30,36.7209017594336,0.224030058647786,7.74491581978509e-12,15,current_delay_50us,1
Rca,15,12.6934956546468,0.153766956356878,1.71240799318184e-12,15,current_delay_50us,1
Lab,0.08,0.107118456401249,0.338980705015618,3.08086889333481e-14,15,current_delay_50us,1
Lbc,0.12,0.0874323412549594,0.271397156208672,1.9970136655445e-14,15,current_delay_50us,1
Lca,0.06,0.0582119039845934,0.0298016002567767,1.60982338570648e-15,15,current_delay_50us,1
Gab,0.05,0.0451786408787795,0.0964271824244102,3.99680288865056e-15,16,current_delay_50us,2
Gbc,0.0333333333333333,0.0272324467016418,0.183026598950746,5.68989300120393e-15,16,current_delay_50us,2
Gca,0.0666666666666667,0.0787805051663542,0.181707577495314,1.06442632485937e-14,16,current_delay_50us,2
Gammaab,12.5,9.33545939323614,0.253163248541109,2.69473332537018e-12,16,current_delay_50us,2
Gammabc,8.33333333333333,11.4374153276294,0.372489839315532,2.62190269495477e-12,16,current_delay_50us,2
Gammaca,16.6666666666667,17.1786169417283,0.0307170165037003,4.54747350886464e-13,16,current_delay_50us,2
Cab,8e-05,7.83692622887524e-05,0.0203842213905949,1.6940658945086e-18,16,current_delay_50us,2
Cbc,0.00012,0.000116125326041685,0.032288949652628,1.51788304147971e-18,16,current_delay_50us,2
Cca,6e-05,5.62713548556413e-05,0.0621440857393119,1.10453096321961e-18,16,current_delay_50us,2
Rab,20,22.1343533260139,0.106717666300695,1.95754523701908e-12,16,current_delay_50us,2
Rbc,30,36.7209017594336,0.224030058647787,7.67386154620908e-12,16,current_delay_50us,2
Rca,15,12.6934956546468,0.153766956356878,1.71596070686064e-12,16,current_delay_50us,2
Lab,0.08,0.107118456401249,0.338980705015618,3.09197112358106e-14,16,current_delay_50us,2
Lbc,0.12,0.0874323412549594,0.271397156208672,2.00395255944841e-14,16,current_delay_50us,2
Lca,0.06,0.0582119039845934,0.0298016002567762,1.54737334057131e-15,16,current_delay_50us,2
Gab,0.05,0.0498137342134685,0.00372531573063051,7.46029071914123e-05,17,gain_mismatch,0.25
Gbc,0.0333333333333333,0.0334580164471623,0.00374049341486944,7.29018099670797e-05,17,gain_mismatch,0.25
Gca,0.0666666666666667,0.0665007120083101,0.00248931987534798,0.000137700596433032,17,gain_mismatch,0.25
Gammaab,12.5,12.4279495387737,0.00576403689810363,0.0304551089941061,17,gain_mismatch,0.25
Gammabc,8.33333333333333,8.43808737149463,0.0125704845793553,0.0341062178807139,17,gain_mismatch,0.25
Gammaca,16.6666666666667,16.697222364439,0.00183334186634248,0.029108058094625,17,gain_mismatch,0.25
Cab,8e-05,7.98243864967813e-05,0.00219516879023363,8.470354898736e-08,17,gain_mismatch,0.25
Cbc,0.00012,0.000120577671117632,0.00481392598026383,7.87433124276493e-08,17,gain_mismatch,0.25
Cca,6e-05,5.97133892533865e-05,0.00477684577689139,1.39588438853667e-07,17,gain_mismatch,0.25
Rab,20,20.0747849120218,0.00373924560108883,0.0301016316698295,17,gain_mismatch,0.25
Rbc,30,29.8882033721044,0.00372655426318786,0.0649882627552572,17,gain_mismatch,0.25
Rca,15,15.0374329807933,0.00249553205288677,0.0311116775666864,17,gain_mismatch,0.25
Lab,0.08,0.0804637962907816,0.00579745363476943,0.000197345571517002,17,gain_mismatch,0.25
Lbc,0.12,0.118510268497359,0.0124144291886777,0.000477822817897711,17,gain_mismatch,0.25
Lca,0.06,0.0598902007875126,0.00182998687478994,0.00010455962584046,17,gain_mismatch,0.25
Gab,0.05,0.0497840350749629,0.00431929850074286,4.16333634234434e-15,18,gain_mismatch,0.5
Gbc,0.0333333333333333,0.0334596757073725,0.00379027122117383,5.55805401702969e-15,18,gain_mismatch,0.5
Gca,0.0666666666666667,0.0665431430051261,0.00185285492310817,1.06026298851702e-14,18,gain_mismatch,0.5
Gammaab,12.5,12.419189249104,0.00646486007167951,2.56861198977276e-12,18,gain_mismatch,0.5
Gammabc,8.33333333333333,8.44625612830386,0.0135507353964629,2.69650968220958e-12,18,gain_mismatch,0.5
Gammaca,16.6666666666667,16.696363097344,0.00178178584063893,4.15667500419659e-13,18,gain_mismatch,0.5
Cab,8e-05,7.98229351120023e-05,0.00221331109997134,1.88380127469356e-18,18,gain_mismatch,0.5
Cbc,0.00012,0.000120589222521171,0.00491018767642134,1.58564567726005e-18,18,gain_mismatch,0.5
Cca,6e-05,5.97436530064673e-05,0.00427244989221158,7.11507675693612e-19,18,gain_mismatch,0.5
Rab,20,20.086760715443,0.0043380357721496,1.67688085639384e-12,18,gain_mismatch,0.5
Rbc,30,29.8867212206621,0.00377595931126393,4.9631410092843e-12,18,gain_mismatch,0.5
Rca,15,15.027844415509,0.00185629436726522,2.39452901951154e-12,18,gain_mismatch,0.5
Lab,0.08,0.0805205541152492,0.00650692644061472,1.66533453693773e-14,18,gain_mismatch,0.5
Lbc,0.12,0.118395651849693,0.0133695679192245,3.77892162006788e-14,18,gain_mismatch,0.5
Lca,0.06,0.0598932829964076,0.00177861672653983,1.48492329543615e-15,18,gain_mismatch,0.5
Gab,0.05,0.0497840350749628,0.0043192985007437,3.99680288865056e-15,19,gain_mismatch,1
Gbc,0.0333333333333333,0.0334596757073725,0.00379027122117383,5.53723733531797e-15,19,gain_mismatch,1
Gca,0.0666666666666667,0.0665431430051263,0.00185285492310588,1.0547118733939e-14,19,gain_mismatch,1
Gammaab,12.5,12.419189249104,0.00646486007168207,2.54729570769996e-12,19,gain_mismatch,1
Gammabc,8.33333333333333,8.4462561283039,0.0135507353964682,2.65387711806397e-12,19,gain_mismatch,1
Gammaca,16.6666666666667,16.696363097344,0.00178178584063851,3.69482222595252e-13,19,gain_mismatch,1
Cab,8e-05,7.98229351120023e-05,0.002213311099971,1.80248611175715e-18,19,gain_mismatch,1
Cbc,0.00012,0.000120589222521171,0.00491018767642134,1.51788304147971e-18,19,gain_mismatch,1
Cca,6e-05,5.97436530064673e-05,0.00427244989221192,7.04731412115578e-19,19,gain_mismatch,1
Rab,20,20.086760715443,0.00433803577215048,1.61293201017543e-12,19,gain_mismatch,1
Rbc,30,29.8867212206621,0.00377595931126405,4.9453774408903e-12,19,gain_mismatch,1
Rca,15,15.0278444155089,0.00185629436726297,2.38209452163574e-12,19,gain_mismatch,1
Lab,0.08,0.0805205541152494,0.00650692644061732,1.64868119156836e-14,19,gain_mismatch,1
Lbc,0.12,0.118395651849692,0.0133695679192297,3.71924713249427e-14,19,gain_mismatch,1
Lca,0.06,0.0598932829964076,0.00177861672653925,1.31838984174237e-15,19,gain_mismatch,1
Gab,0.05,0.0497840350749629,0.00431929850074231,3.94129173741931e-15,20,gain_mismatch,2
Gbc,0.0333333333333333,0.0334596757073725,0.00379027122117383,5.50948175970234e-15,20,gain_mismatch,2
Gca,0.0666666666666667,0.0665431430051262,0.00185285492310734,1.05054853705155e-14,20,gain_mismatch,2
Gammaab,12.5,12.419189249104,0.00646486007168107,2.55084842137876e-12,20,gain_mismatch,2
Gammabc,8.33333333333333,8.44625612830387,0.013550735396464,2.64144262018817e-12,20,gain_mismatch,2
Gammaca,16.6666666666667,16.696363097344,0.00178178584063787,3.5527136788005e-13,20,gain_mismatch,2
Cab,8e-05,7.98229351120023e-05,0.00221331109997117,1.77538105744501e-18,20,gain_mismatch,2
Cbc,0.00012,0.000120589222521171,0.00491018767642157,1.4772254600115e-18,20,gain_mismatch,2
Cca,6e-05,5.97436530064673e-05,0.00427244989221226,6.70850094225406e-19,20,gain_mismatch,2
Rab,20,20.086760715443,0.00433803577214906,1.58806301442382e-12,20,gain_mismatch,2
Rbc,30,29.8867212206621,0.00377595931126405,4.92050844513869e-12,20,gain_mismatch,2
Rca,15,15.027844415509,0.00185629436726451,2.37321273743873e-12,20,gain_mismatch,2
Lab,0.08,0.0805205541152493,0.00650692644061628,1.65423230669148e-14,20,gain_mismatch,2
Lbc,0.12,0.118395651849693,0.0133695679192255,3.7025937871249e-14,20,gain_mismatch,2
Lca,0.06,0.0598932829964077,0.00177861672653867,1.27675647831893e-15,20,gain_mismatch,2
Gab,0.05,0.0518556507998754,0.0371130159975085,0.0471718765890267,21,delay_plus_noise_60db,0.25
Gbc,0.0333333333333333,0.0707513243568779,1.12253973070634,0.00386629695964384,21,delay_plus_noise_60db,0.25
Gca,0.0666666666666667,0.0670640782442118,0.00596117366317685,0.000858313338261751,21,delay_plus_noise_60db,0.25
Gammaab,12.5,22.1384398477463,0.771075187819705,16.711196239002,21,delay_plus_noise_60db,0.25
Gammabc,8.33333333333333,0.167000205796876,0.979959975304375,0.165198907899736,21,delay_plus_noise_60db,0.25
Gammaca,16.6666666666667,0.244453215724486,0.985332807056531,0.102227801322149,21,delay_plus_noise_60db,0.25
Cab,8e-05,8.34891278962861e-05,0.0436140987035762,1.81576954473397e-05,21,delay_plus_noise_60db,0.25
Cbc,0.00012,0.000113084138586795,0.057632178443377,6.35510757308846e-06,21,delay_plus_noise_60db,0.25
Cca,6e-05,5.77131100636683e-05,0.0381148322721945,4.85757848378775e-06,21,delay_plus_noise_60db,0.25
Rab,20,111.800617635867,4.59003088179333,101.702415384761,21,delay_plus_noise_60db,0.25
Rbc,30,14.1763446785273,0.527455177382424,0.774684556475375,21,delay_plus_noise_60db,0.25
Rca,15,14.9135550987926,0.0057629934138248,0.190869741258242,21,delay_plus_noise_60db,0.25
Lab,0.08,0.104997930895065,0.312474136188316,0.0792576640424472,21,delay_plus_noise_60db,0.25
Lbc,0.12,279.082750741837,2324.68958951531,276.072507912251,21,delay_plus_noise_60db,0.25
Lca,0.06,4.95779408349094,81.6299013915156,2.07329810352938,21,delay_plus_noise_60db,0.25
Gab,0.05,0.045169431831446,0.0966113633710802,0.000332651090672015,22,delay_plus_noise_60db,0.5
Gbc,0.0333333333333333,0.0272193302907151,0.183420091278547,0.000357879219966127,22,delay_plus_noise_60db,0.5
Gca,0.0666666666666667,0.0787969230516356,0.181953845774535,0.000341486923859616,22,delay_plus_noise_60db,0.5
Gammaab,12.5,9.33490240488701,0.253207807609039,0.0904782658740615,22,delay_plus_noise_60db,0.5
Gammabc,8.33333333333333,11.4464304082236,0.373571648986827,0.106997828122697,22,delay_plus_noise_60db,0.5
Gammaca,16.6666666666667,17.180603392732,0.0308362035639184,0.111114301552927,22,delay_plus_noise_60db,0.5
Cab,8e-05,7.8382173069255e-05,0.0202228366343131,1.62083491036719e-07,22,delay_plus_noise_60db,0.5
Cbc,0.00012,0.000116131712455667,0.0322357295361074,3.09062939387832e-07,22,delay_plus_noise_60db,0.5
Cca,6e-05,5.62580277422224e-05,0.0623662042962937,1.62280623778307e-07,22,delay_plus_noise_60db,0.5
Rab,20,22.1388660308032,0.106943301540158,0.163016814201235,22,delay_plus_noise_60db,0.5
Rbc,30,36.7385968335053,0.224619894450175,0.48280174280935,22,delay_plus_noise_60db,0.5
Rca,15,12.6908508768407,0.15394327487729,0.055008640298631,22,delay_plus_noise_60db,0.5
Lab,0.08,0.107124847871259,0.339060598390742,0.00103840947902854,22,delay_plus_noise_60db,0.5
Lbc,0.12,0.0873634805226633,0.271970995644473,0.000816964536356449,22,delay_plus_noise_60db,0.5
Lca,0.06,0.0582051734523694,0.0299137757938428,0.000376607257113123,22,delay_plus_noise_60db,0.5
Gab,0.05,0.0451747204048915,0.0965055919021708,0.000182753535305259,23,delay_plus_noise_60db,1
Gbc,0.0333333333333333,0.0272146701513571,0.183559895459288,0.000202029385698653,23,delay_plus_noise_60db,1
Gca,0.0666666666666667,0.0788031342335026,0.18204701350254,0.000236936245685715,23,delay_plus_noise_60db,1
Gammaab,12.5,9.33096853030675,0.25352251757546,0.0532628265923556,23,delay_plus_noise_60db,1
Gammabc,8.33333333333333,11.4468161870335,0.373617942444018,0.0674073093487344,23,delay_plus_noise_60db,1
Gammaca,16.6666666666667,17.1825324741572,0.0309519484494323,0.064341636666164,23,delay_plus_noise_60db,1
Cab,8e-05,7.83922685208264e-05,0.0200966434896704,1.20615585200265e-07,23,delay_plus_noise_60db,1
Cbc,0.00012,0.000116123421411646,0.0323048215696193,2.08586064010197e-07,23,delay_plus_noise_60db,1
Cca,6e-05,5.62666099384347e-05,0.0622231676927556,1.17613840949586e-07,23,delay_plus_noise_60db,1
Rab,20,22.1362742488988,0.106813712444938,0.0895692549567073,23,delay_plus_noise_60db,1
Rbc,30,36.7448877549646,0.224829591832153,0.27266978720435,23,delay_plus_noise_60db,1
Rca,15,12.6898505970192,0.154009960198718,0.0381549464854967,23,delay_plus_noise_60db,1
Lab,0.08,0.107170010996396,0.339625137454951,0.000611661250618775,23,delay_plus_noise_60db,1
Lbc,0.12,0.0873605362103012,0.271995531580824,0.000514575853616916,23,delay_plus_noise_60db,1
Lca,0.06,0.0581986387340757,0.0300226877654042,0.000218017919785464,23,delay_plus_noise_60db,1
Gab,0.05,0.0451756118877867,0.0964877622442668,0.000120630182141153,24,delay_plus_noise_60db,2
Gbc,0.0333333333333333,0.0272269197945897,0.18319240616231,0.000117706067222403,24,delay_plus_noise_60db,2
Gca,0.0666666666666667,0.0788084359223028,0.182126538834542,0.00016874055595345,24,delay_plus_noise_60db,2
Gammaab,12.5,9.32873811265357,0.253700950987714,0.0424474815907665,24,delay_plus_noise_60db,2
Gammabc,8.33333333333333,11.4474697922481,0.373696375069769,0.0461738917250347,24,delay_plus_noise_60db,2
Gammaca,16.6666666666667,17.1780674375579,0.0306840462534737,0.0369196499627549,24,delay_plus_noise_60db,2
Cab,8e-05,7.83812965762386e-05,0.0202337927970174,5.94094356846367e-08,24,delay_plus_noise_60db,2
Cbc,0.00012,0.000116136793608257,0.0321933865978608,1.31479182099615e-07,24,delay_plus_noise_60db,2
Cca,6e-05,5.62725236957463e-05,0.0621246050708958,7.54752913619878e-08,24,delay_plus_noise_60db,2
Rab,20,22.1358374178514,0.106791870892569,0.0591269463260282,24,delay_plus_noise_60db,2
Rbc,30,36.7283558898467,0.224278529661555,0.158791320433323,24,delay_plus_noise_60db,2
Rca,15,12.6889969112685,0.154066872582101,0.0271771646590313,24,delay_plus_noise_60db,2
Lab,0.08,0.107195634385276,0.339945429815947,0.000487176670455808,24,delay_plus_noise_60db,2
Lbc,0.12,0.0873555482694677,0.272037097754436,0.000352349647584474,24,delay_plus_noise_60db,2
Lca,0.06,0.0582137661081487,0.0297705648641889,0.000125086336627639,24,delay_plus_noise_60db,2
Gab,0.05,0.0598760582882257,0.197521165764515,2.52230583641655e-10,25,quantized_12bit,0.25
Gbc,0.0333333333333333,0.0149857574101268,0.550427277696195,9.76600796759319e-11,25,quantized_12bit,0.25
Gca,0.0666666666666667,0.0727690711943827,0.0915360679157409,2.06070854824603e-11,25,quantized_12bit,0.25
Gammaab,12.5,1.57959342798944,0.873632525760845,9.18214406731011e-08,25,quantized_12bit,0.25
Gammabc,8.33333333333333,17.3602650167609,1.08323180201131,1.29514496904903e-08,25,quantized_12bit,0.25
Gammaca,16.6666666666667,0.0568406706612141,0.996589559760327,8.7235444576339e-08,25,quantized_12bit,0.25
Cab,8e-05,7.54340879996846e-05,0.0570739000039422,5.48664168568622e-14,25,quantized_12bit,0.25
Cbc,0.00012,0.00013135654294842,0.0946378579034996,1.69997208584322e-14,25,quantized_12bit,0.25
Cca,6e-05,5.8162972378949e-05,0.0306171270175163,7.08302841834381e-14,25,quantized_12bit,0.25
Rab,20,16.7011661854275,0.164941690728627,7.03544138502821e-08,25,quantized_12bit,0.25
Rbc,30,66.7300272273349,1.22433424091116,4.34870230492379e-07,25,quantized_12bit,0.25
Rca,15,13.7421020165116,0.083859865565896,3.89155019320242e-09,25,quantized_12bit,0.25
Lab,0.08,0.633074297651918,6.91342872064897,3.68004779982556e-08,25,quantized_12bit,0.25
Lbc,0.12,0.057602807274804,0.5199766060433,4.29739924201478e-11,25,quantized_12bit,0.25
Lca,0.06,17.5930366121166,292.21727686861,2.70006817082447e-05,25,quantized_12bit,0.25
Gab,0.05,0.0499739550434208,0.00052089913158318,4.28889869087956e-05,26,quantized_12bit,0.5
Gbc,0.0333333333333333,0.033384296253616,0.00152888760847951,6.96904474619675e-05,26,quantized_12bit,0.5
Gca,0.0666666666666667,0.0666485259205397,0.000272111191903859,3.71193627743127e-05,26,quantized_12bit,0.5
Gammaab,12.5,12.5137536278568,0.00110029022854704,0.00619615463964429,26,quantized_12bit,0.5
Gammabc,8.33333333333333,8.33906322397148,0.000687586876577413,0.00346377757442085,26,quantized_12bit,0.5
Gammaca,16.6666666666667,16.655587670257,0.00066473978458184,0.0199029938975279,26,quantized_12bit,0.5
Cab,8e-05,8.00114659833322e-05,0.000143324791652661,1.72576452876425e-08,26,quantized_12bit,0.5
Cbc,0.00012,0.000120006256221488,5.21351790676477e-05,3.68824983910119e-08,26,quantized_12bit,0.5
Cca,6e-05,6.0008790984997e-05,0.00014651641661725,2.21995210674812e-08,26,quantized_12bit,0.5
Rab,20,20.010423412178,0.00052117060890069,0.0171841902929089,26,quantized_12bit,0.5
Rbc,30,29.9542033896157,0.00152655367947515,0.0624708711896744,26,quantized_12bit,0.5
Rca,15,15.0040827788484,0.000272185256558307,0.00835425334499718,26,quantized_12bit,0.5
Lab,0.08,0.079912073526356,0.00109908092054984,3.95821934001533e-05,26,quantized_12bit,0.5
Lbc,0.12,0.119917546268914,0.000687114425715572,4.98292897874592e-05,26,quantized_12bit,0.5
Lca,0.06,0.0600399109174496,0.000665181957492979,7.18318477963553e-05,26,quantized_12bit,0.5
Gab,0.05,0.0499848953583167,0.000302092833666529,9.78384040450919e-16,27,quantized_12bit,1
Gbc,0.0333333333333333,0.0333935805626503,0.00180741687951048,8.18789480661053e-16,27,quantized_12bit,1
Gca,0.0666666666666667,0.0666204711115654,0.000692933326519457,8.60422844084496e-16,27,quantized_12bit,1
Gammaab,12.5,12.5195613689068,0.00156490951254156,2.00728322852228e-13,27,quantized_12bit,1
Gammabc,8.33333333333333,8.32645408279122,0.000825510065054189,2.8066438062524e-13,27,quantized_12bit,1
Gammaca,16.6666666666667,16.6521993849208,0.000868036904750227,2.52242671194836e-13,27,quantized_12bit,1
Cab,8e-05,8.00229605406365e-05,0.000287006757956065,8.67361737988404e-19,27,quantized_12bit,1
Cbc,0.00012,0.000120003000872294,2.50072691126896e-05,7.86046575051991e-19,27,quantized_12bit,1
Cca,6e-05,5.99999748682574e-05,4.18862375994873e-07,6.91178884959509e-19,27,quantized_12bit,1
Rab,20,20.0060436824265,0.00030218412132399,3.90798504668055e-13,27,quantized_12bit,1
Rbc,30,29.9458753194759,0.00180415601747121,7.31859017832903e-13,27,quantized_12bit,1
Rca,15,15.0104012072409,0.00069341381606165,1.95399252334028e-13,27,quantized_12bit,1
Lab,0.08,0.0798750028482285,0.0015624643971434,1.27675647831893e-15,27,quantized_12bit,1
Lbc,0.12,0.120099143051393,0.000826192094944186,4.06619182768964e-15,27,quantized_12bit,1
Lca,0.06,0.0600521274628465,0.000868791047441836,9.08995101411847e-16,27,quantized_12bit,1
Gab,0.05,0.0499848953583167,0.000302092833665835,7.97972798949331e-16,28,quantized_12bit,2
Gbc,0.0333333333333333,0.0333935805626504,0.00180741687951069,5.68989300120393e-16,28,quantized_12bit,2
Gca,0.0666666666666667,0.0666204711115654,0.000692933326519665,4.85722573273506e-16,28,quantized_12bit,2
Gammaab,12.5,12.5195613689068,0.00156490951254241,1.4210854715202e-13,28,quantized_12bit,2
Gammabc,8.33333333333333,8.32645408279121,0.000825510065055042,1.65201186064223e-13,28,quantized_12bit,2
Gammaca,16.6666666666667,16.6521993849208,0.00086803690475044,1.63424829224823e-13,28,quantized_12bit,2
Cab,8e-05,8.00229605406365e-05,0.000287006757956234,5.14996031930615e-19,28,quantized_12bit,2
Cbc,0.00012,0.000120003000872294,2.50072691132543e-05,5.28548559086683e-19,28,quantized_12bit,2
Cca,6e-05,5.99999748682574e-05,4.18862376559562e-07,5.01443504774546e-19,28,quantized_12bit,2
Rab,20,20.0060436824265,0.000302184121323279,3.19744231092045e-13,28,quantized_12bit,2
Rbc,30,29.9458753194759,0.00180415601747145,5.11590769747272e-13,28,quantized_12bit,2
Rca,15,15.0104012072409,0.000693413816061887,1.10134124042816e-13,28,quantized_12bit,2
Lab,0.08,0.0798750028482285,0.00156246439714427,9.0205620750794e-16,28,quantized_12bit,2
Lbc,0.12,0.120099143051393,0.000826192094945111,2.38697950294409e-15,28,quantized_12bit,2
Lca,0.06,0.0600521274628465,0.000868791047442067,5.89805981832114e-16,28,quantized_12bit,2
